variant,action_macro_f1,gap_type_macro_f1,score,delta_action_macro_f1,delta_score
Full - no gap type classifier,0.9162446110284133,0.8267812431329163,0.8414906832298138,-0.028586306845982956,-0.03354037267080734
Full - no evidence sufficiency verifier,0.9224167137210616,0.8315533747405289,0.8484472049689441,-0.022414204153334616,-0.026583850931677033
Full - no self-consistency features,0.6172399252098499,0.5975466870139552,0.30310559006211185,-0.3275909926645463,-0.5719254658385093
Full - no question utility ranker,0.9162446110284133,0.8267812431329163,0.8414906832298138,-0.028586306845982956,-0.03354037267080734
Full - no evidence-side features,0.9448309178743962,0.8104891951429394,0.8750310559006211,0.0,0.0
Full - no model uncertainty features,0.6172399252098499,0.5975466870139552,0.30310559006211185,-0.3275909926645463,-0.5719254658385093
