{
  "selected_candidate": "no_evidence_sufficiency_verifier",
  "selected_kwargs": {
    "use_evidence_verifier": false
  },
  "validation_rows": [
    {
      "action_accuracy": 0.6666666666666666,
      "action_macro_f1": 0.637590505560228,
      "answerable_auroc": 0.7849206349206349,
      "average_turns": 0.5923076923076923,
      "candidate": "all_modules",
      "clarification_effectiveness": 0.6428571428571429,
      "evidence_contradiction_accuracy": 0.9166666666666666,
      "evidence_sufficiency_f1": 0.6666666666666666,
      "false_premise_compliance_rate": 0.07692307692307693,
      "final_accuracy": 0.6666666666666666,
      "gap_type_accuracy": 0.6282051282051282,
      "gap_type_macro_f1": 0.5885684641175944,
      "high_risk_unsafe_answer_rate": 0.0,
      "key_slot_recall": 0.68,
      "method": "all_modules",
      "over_asking_rate": 0.07692307692307693,
      "over_refusal_rate": 0.04487179487179487,
      "premature_answer_rate": 0.05128205128205128,
      "retrieval_needed_f1": 0.6888888888888889,
      "score": 0.40807692307692306,
      "status": "ok",
      "wrong_answer_rate": 0.05128205128205128
    },
    {
      "action_accuracy": 0.6858974358974359,
      "action_macro_f1": 0.6556747967479674,
      "answerable_auroc": 0.834920634920635,
      "average_turns": 0.5692307692307693,
      "candidate": "no_evidence_sufficiency_verifier",
      "clarification_effectiveness": 0.6428571428571429,
      "evidence_contradiction_accuracy": 0.9166666666666666,
      "evidence_sufficiency_f1": 0.7333333333333333,
      "false_premise_compliance_rate": 0.07692307692307693,
      "final_accuracy": 0.6858974358974359,
      "gap_type_accuracy": 0.6474358974358975,
      "gap_type_macro_f1": 0.6011076228511325,
      "high_risk_unsafe_answer_rate": 0.0,
      "key_slot_recall": 0.68,
      "method": "no_evidence_sufficiency_verifier",
      "over_asking_rate": 0.07692307692307693,
      "over_refusal_rate": 0.04487179487179487,
      "premature_answer_rate": 0.05128205128205128,
      "retrieval_needed_f1": 0.7126436781609196,
      "score": 0.4296153846153845,
      "status": "ok",
      "use_evidence_verifier": false,
      "wrong_answer_rate": 0.05128205128205128
    },
    {
      "action_accuracy": 0.6282051282051282,
      "action_macro_f1": 0.5988516457035937,
      "answerable_auroc": 0.8015873015873015,
      "average_turns": 0.5846153846153846,
      "candidate": "no_evidence_side_features",
      "clarification_effectiveness": 0.6428571428571429,
      "evidence_contradiction_accuracy": 0.9038461538461539,
      "evidence_sufficiency_f1": 0.6896551724137931,
      "false_premise_compliance_rate": 0.07692307692307693,
      "final_accuracy": 0.6282051282051282,
      "gap_type_accuracy": 0.5641025641025641,
      "gap_type_macro_f1": 0.5232550165883499,
      "high_risk_unsafe_answer_rate": 0.0,
      "include_evidence": false,
      "key_slot_recall": 0.68,
      "method": "no_evidence_side_features",
      "over_asking_rate": 0.07692307692307693,
      "over_refusal_rate": 0.07692307692307693,
      "premature_answer_rate": 0.05128205128205128,
      "retrieval_needed_f1": 0.6741573033707865,
      "score": 0.35435897435897434,
      "status": "ok",
      "wrong_answer_rate": 0.05128205128205128
    },
    {
      "action_accuracy": 0.6666666666666666,
      "action_macro_f1": 0.637590505560228,
      "answerable_auroc": 0.7849206349206349,
      "average_turns": 0.5923076923076923,
      "candidate": "no_gap_type_classifier",
      "clarification_effectiveness": 0.6428571428571429,
      "evidence_contradiction_accuracy": 0.9166666666666666,
      "evidence_sufficiency_f1": 0.6666666666666666,
      "false_premise_compliance_rate": 0.07692307692307693,
      "final_accuracy": 0.6666666666666666,
      "gap_type_accuracy": 0.6282051282051282,
      "gap_type_macro_f1": 0.5885684641175944,
      "high_risk_unsafe_answer_rate": 0.0,
      "key_slot_recall": 0.68,
      "method": "no_gap_type_classifier",
      "over_asking_rate": 0.07692307692307693,
      "over_refusal_rate": 0.04487179487179487,
      "premature_answer_rate": 0.05128205128205128,
      "retrieval_needed_f1": 0.6888888888888889,
      "score": 0.40807692307692306,
      "status": "ok",
      "use_gap_classifier": false,
      "wrong_answer_rate": 0.05128205128205128
    }
  ]
}