{
  "selected_candidate": "no_evidence_side_features",
  "selected_kwargs": {
    "include_evidence": false
  },
  "validation_rows": [
    {
      "action_accuracy": 0.7948717948717948,
      "action_macro_f1": 0.802049886621315,
      "answerable_auroc": 0.9,
      "average_turns": 0.6282051282051282,
      "candidate": "all_modules",
      "clarification_effectiveness": 0.8928571428571429,
      "evidence_contradiction_accuracy": 0.9551282051282052,
      "evidence_sufficiency_f1": 0.8888888888888888,
      "false_premise_compliance_rate": 0.0,
      "final_accuracy": 0.7948717948717948,
      "gap_type_accuracy": 0.8076923076923077,
      "gap_type_macro_f1": 0.7687557635272151,
      "high_risk_unsafe_answer_rate": 0.0,
      "key_slot_recall": 0.92,
      "method": "all_modules",
      "over_asking_rate": 0.00641025641025641,
      "over_refusal_rate": 0.038461538461538464,
      "premature_answer_rate": 0.0,
      "retrieval_needed_f1": 0.7346938775510204,
      "score": 0.7108974358974358,
      "status": "ok",
      "wrong_answer_rate": 0.0
    },
    {
      "action_accuracy": 0.8333333333333334,
      "action_macro_f1": 0.8356661031085864,
      "answerable_auroc": 1.0,
      "average_turns": 0.5833333333333334,
      "candidate": "no_evidence_sufficiency_verifier",
      "clarification_effectiveness": 0.8928571428571429,
      "evidence_contradiction_accuracy": 0.9551282051282052,
      "evidence_sufficiency_f1": 1.0,
      "false_premise_compliance_rate": 0.0,
      "final_accuracy": 0.8333333333333334,
      "gap_type_accuracy": 0.8461538461538461,
      "gap_type_macro_f1": 0.7957331387216444,
      "high_risk_unsafe_answer_rate": 0.0,
      "key_slot_recall": 0.92,
      "method": "no_evidence_sufficiency_verifier",
      "over_asking_rate": 0.0,
      "over_refusal_rate": 0.038461538461538464,
      "premature_answer_rate": 0.0,
      "retrieval_needed_f1": 0.7741935483870968,
      "score": 0.7557692307692307,
      "status": "ok",
      "use_evidence_verifier": false,
      "wrong_answer_rate": 0.0
    },
    {
      "action_accuracy": 0.8653846153846154,
      "action_macro_f1": 0.8731851741367738,
      "answerable_auroc": 1.0,
      "average_turns": 0.5717948717948719,
      "candidate": "no_evidence_side_features",
      "clarification_effectiveness": 0.8928571428571429,
      "evidence_contradiction_accuracy": 0.9743589743589743,
      "evidence_sufficiency_f1": 1.0,
      "false_premise_compliance_rate": 0.0,
      "final_accuracy": 0.8653846153846154,
      "gap_type_accuracy": 0.8269230769230769,
      "gap_type_macro_f1": 0.7705295060980443,
      "high_risk_unsafe_answer_rate": 0.0,
      "include_evidence": false,
      "key_slot_recall": 0.92,
      "method": "no_evidence_side_features",
      "over_asking_rate": 0.0,
      "over_refusal_rate": 0.038461538461538464,
      "premature_answer_rate": 0.0,
      "retrieval_needed_f1": 0.8043478260869565,
      "score": 0.788974358974359,
      "status": "ok",
      "wrong_answer_rate": 0.0
    },
    {
      "action_accuracy": 0.7948717948717948,
      "action_macro_f1": 0.802049886621315,
      "answerable_auroc": 0.9,
      "average_turns": 0.6282051282051282,
      "candidate": "no_gap_type_classifier",
      "clarification_effectiveness": 0.8928571428571429,
      "evidence_contradiction_accuracy": 0.9551282051282052,
      "evidence_sufficiency_f1": 0.8888888888888888,
      "false_premise_compliance_rate": 0.0,
      "final_accuracy": 0.7948717948717948,
      "gap_type_accuracy": 0.8076923076923077,
      "gap_type_macro_f1": 0.7687557635272151,
      "high_risk_unsafe_answer_rate": 0.0,
      "key_slot_recall": 0.92,
      "method": "no_gap_type_classifier",
      "over_asking_rate": 0.00641025641025641,
      "over_refusal_rate": 0.038461538461538464,
      "premature_answer_rate": 0.0,
      "retrieval_needed_f1": 0.7346938775510204,
      "score": 0.7108974358974358,
      "status": "ok",
      "use_gap_classifier": false,
      "wrong_answer_rate": 0.0
    }
  ]
}