seed,test_size,gap_type_macro_f1,action_macro_f1,action_accuracy,wrong_answer_rate,score
13,160,0.85929493748719,0.8347680145228823,0.875,0.0,0.8155
42,160,0.8846320346320347,0.8064335664335666,0.875,0.0,0.80975
101,160,0.8808041609399844,0.8355750487329434,0.8625,0.0,0.8015000000000001
