comparison,macro_f1_diff,ci_low,ci_high,p_bootstrap_two_sided,mcnemar_b01,mcnemar_b10,mcnemar_stat,mcnemar_p
Full Method vs Always Answer,0.907625216380429,0.8909090909090909,0.9248730964467005,0.0,0,112,110.00892857142857,0.0
Full Method vs Always Ask,0.93389123899805,0.9168316831683169,0.9516483516483516,0.0,0,128,126.0078125,0.0
Full Method vs RAG Similarity Threshold,0.6064921420322708,0.5360889120171299,0.6832056391584189,0.0,0,90,88.0111111111111,0.0
Full Method vs Self-Consistency Baseline,0.45818878145183534,0.3926561177416624,0.5255361557709913,0.0,0,76,74.01315789473684,0.0
Full Method vs Logistic Regression,0.0,0.0,0.0,1.0,0,0,0.0,1.0
Full Method vs Random Forest,0.0,0.0,0.0,1.0,0,0,0.0,1.0
Full Method vs GBDT,0.0,0.0,0.0,1.0,0,0,0.0,1.0
Full Method vs Text Encoder Classifier,0.0,0.0,0.0,1.0,0,0,0.0,1.0
