comparison,macro_f1_diff,ci_low,ci_high,p_bootstrap_two_sided,mcnemar_b01,mcnemar_b10,mcnemar_stat,mcnemar_p
Full Method vs Always Answer,0.8921623046495472,0.8525018119504252,0.9262835431790786,0.0,0,127,125.00787401574803,0.0
Full Method vs Always Ask,0.8881465020268681,0.8485106587709772,0.9219298139811424,0.0,0,125,123.008,0.0
Full Method vs RAG Similarity Threshold,0.5861729961387293,0.5168232602581848,0.6544624299365954,0.0,3,85,74.55681818181819,0.0
Full Method vs Self-Consistency Baseline,0.5845329650602903,0.5150813749049777,0.6616015473219369,0.0,2,78,70.3125,0.0
Full Method vs Prompted LLM Baseline,0.2971304654329636,0.21726802465798037,0.37626708645184725,0.0,4,50,37.5,9.141298829007383e-10
Full Method vs Logistic Regression,0.10298941541634053,0.05830789179818834,0.14961071189349193,0.0,1,19,14.45,0.00014392985649713808
Full Method vs Random Forest,0.0034122159588859734,-0.027766357045158698,0.031501773564248485,0.752,3,5,0.125,0.7236736098317629
Full Method vs GBDT,0.00615516204296142,-0.025051736088583427,0.03580582898505582,0.644,2,4,0.16666666666666666,0.6830913983096086
Full Method vs Text Encoder Classifier,0.4873526591048394,0.3946238489056421,0.5708938905776534,0.0,6,74,56.1125,6.838973831690964e-14
