comparison,macro_f1_diff,ci_low,ci_high,p_bootstrap_two_sided,mcnemar_b01,mcnemar_b10,mcnemar_stat,mcnemar_p
Full Method vs Always Answer,0.630160409769324,0.5510055605949008,0.7006496451865291,0.0,5,96,80.1980198019802,0.0
Full Method vs Always Ask,0.626044449295139,0.5428594776502387,0.6981551611746913,0.0,8,97,73.75238095238095,0.0
Full Method vs RAG Similarity Threshold,0.32542597310361204,0.22985215346278645,0.42319703951826765,0.0,14,60,27.364864864864863,1.6846444461648957e-07
Full Method vs Self-Consistency Baseline,0.39650782650752037,0.3048424956363341,0.486101676597198,0.0,9,56,32.55384615384615,1.1593547122323855e-08
Full Method vs Prompted LLM Baseline,0.036292300342156636,-0.04807900826242198,0.11603181821855257,0.368,17,27,1.8409090909090908,0.17484443361041468
Full Method vs Logistic Regression,-0.06188659404988935,-0.1408013040782588,0.009994633954373238,0.1,21,14,1.0285714285714285,0.3104944343172348
Full Method vs Random Forest,-0.026328756788294667,-0.06026480742548047,0.0,0.102,3,0,1.3333333333333333,0.24821307898992362
Full Method vs GBDT,-0.021311098071795657,-0.0728335070661642,0.026819453539966707,0.422,8,6,0.07142857142857142,0.7892680261342813
Full Method vs Text Encoder Classifier,0.22686669210199892,0.1155199661948721,0.3318790233898866,0.0,21,53,12.986486486486486,0.00031374715605714254
