comparison,macro_f1_diff,ci_low,ci_high,p_bootstrap_two_sided,mcnemar_b01,mcnemar_b10,mcnemar_stat,mcnemar_p
Full Method vs Always Answer,0.9077142700319332,0.8909090909090909,0.926530612244898,0.0,0,112,110.00892857142857,0.0
Full Method vs Always Ask,0.9334374752159692,0.9168316831683169,0.9516483516483516,0.0,0,128,126.0078125,0.0
Full Method vs RAG Similarity Threshold,0.6092876064638774,0.5320179823464577,0.6837901931612547,0.0,0,90,88.0111111111111,0.0
Full Method vs Self-Consistency Baseline,0.4611901537734235,0.39311983164257497,0.5284162721893491,0.0,0,76,74.01315789473684,0.0
Full Method vs Prompted LLM Baseline,0.23222252036876395,0.15990288458202437,0.300044603496156,0.0,0,32,30.03125,4.251394403187447e-08
Full Method vs Logistic Regression,0.0,0.0,0.0,1.0,0,0,0.0,1.0
Full Method vs Random Forest,0.0,0.0,0.0,1.0,0,0,0.0,1.0
Full Method vs GBDT,0.0,0.0,0.0,1.0,0,0,0.0,1.0
Full Method vs Text Encoder Classifier,0.0,0.0,0.0,1.0,0,0,0.0,1.0
